{"cameraMode":{"drawMode":0,"name":"Shaded","section":"Shading Mode"},"sceneLighting":false,"audioPlay":false,"sceneViewState":{"m_AlwaysRefresh":false,"showFog":true,"showSkybox":true,"showFlares":true,"showImageEffects":true,"showParticleSystems":true,"showVisualEffectGraphs":true,"m_FxEnabled":true},"in2DMode":false,"pivot":{"x":50.96904373168945,"y":1.1127920150756837,"z":-10.640752792358399},"rotation":{"x":-0.055516552180051807,"y":-0.07996152341365814,"z":0.004427180625498295,"w":-0.995190441608429},"size":3.232088804244995,"orthographic":false}