{"cameraMode":{"drawMode":0,"name":"Shaded","section":"Shading Mode"},"sceneLighting":false,"audioPlay":false,"sceneViewState":{"m_AlwaysRefresh":false,"showFog":true,"showSkybox":true,"showFlares":true,"showImageEffects":true,"showParticleSystems":true,"showVisualEffectGraphs":true,"m_FxEnabled":true},"in2DMode":false,"pivot":{"x":105.25480651855469,"y":13.063837051391602,"z":-6.738471508026123},"rotation":{"x":0.11195342242717743,"y":0.32437044382095339,"z":-0.03869432583451271,"w":0.9385295510292053},"size":0.9277738332748413,"orthographic":false}