{"cameraMode":{"drawMode":0,"name":"Shaded","section":"Shading Mode"},"sceneLighting":false,"audioPlay":false,"sceneViewState":{"m_AlwaysRefresh":false,"showFog":true,"showSkybox":true,"showFlares":true,"showImageEffects":true,"showParticleSystems":true,"showVisualEffectGraphs":true,"m_FxEnabled":true},"in2DMode":false,"pivot":{"x":67.41259002685547,"y":1.2425442934036255,"z":-1.0633878707885743},"rotation":{"x":-0.043683528900146487,"y":0.037102870643138888,"z":-0.0016204286366701127,"w":-0.9984022378921509},"size":6.786554336547852,"orthographic":false}