{"cameraMode":{"drawMode":0,"name":"Shaded","section":"Shading Mode"},"sceneLighting":false,"audioPlay":false,"sceneViewState":{"m_AlwaysRefresh":false,"showFog":true,"showSkybox":true,"showFlares":true,"showImageEffects":true,"showParticleSystems":true,"showVisualEffectGraphs":true,"m_FxEnabled":true},"in2DMode":false,"pivot":{"x":-14.281064987182618,"y":17.79827880859375,"z":83.66144561767578},"rotation":{"x":0.06666545569896698,"y":0.2422863095998764,"z":0.016667598858475686,"w":-0.9677082896232605},"size":61.282257080078128,"orthographic":false}