{"cameraMode":{"drawMode":0,"name":"Shaded","section":"Shading Mode"},"sceneLighting":false,"audioPlay":false,"sceneViewState":{"m_AlwaysRefresh":false,"showFog":true,"showSkybox":true,"showFlares":true,"showImageEffects":true,"showParticleSystems":true,"showVisualEffectGraphs":true,"m_FxEnabled":true},"in2DMode":false,"pivot":{"x":64.95613098144531,"y":9.289064407348633,"z":-4.810447692871094},"rotation":{"x":-0.0431523323059082,"y":0.07013837993144989,"z":0.0030683735385537149,"w":0.9965879321098328},"size":17.937057495117189,"orthographic":false}