{"cameraMode":{"drawMode":0,"name":"Shaded","section":"Shading Mode"},"sceneLighting":false,"audioPlay":false,"sceneViewState":{"m_AlwaysRefresh":false,"showFog":true,"showSkybox":true,"showFlares":true,"showImageEffects":true,"showParticleSystems":true,"showVisualEffectGraphs":true,"m_FxEnabled":true},"in2DMode":false,"pivot":{"x":71.79707336425781,"y":7.237914085388184,"z":-12.827376365661621},"rotation":{"x":0.09095221757888794,"y":-0.21216623485088349,"z":0.019832640886306764,"w":0.9727935791015625},"size":5.428410053253174,"orthographic":false}