{"cameraMode":{"drawMode":0,"name":"Shaded","section":"Shading Mode"},"sceneLighting":false,"audioPlay":false,"sceneViewState":{"m_AlwaysRefresh":false,"showFog":true,"showSkybox":true,"showFlares":true,"showImageEffects":true,"showParticleSystems":true,"showVisualEffectGraphs":true,"m_FxEnabled":true},"in2DMode":false,"pivot":{"x":12.382120132446289,"y":-7.2721757888793949,"z":4.725355625152588},"rotation":{"x":0.18991582095623017,"y":0.5293739438056946,"z":-0.12294865399599076,"w":0.8176289796829224},"size":12.237207412719727,"orthographic":false}