{"cameraMode":{"drawMode":0,"name":"Shaded","section":"Shading Mode"},"sceneLighting":false,"audioPlay":false,"sceneViewState":{"m_AlwaysRefresh":false,"showFog":true,"showSkybox":true,"showFlares":true,"showImageEffects":true,"showParticleSystems":true,"showVisualEffectGraphs":true,"m_FxEnabled":true},"in2DMode":false,"pivot":{"x":92.01524353027344,"y":10.021942138671875,"z":2.3043746948242189},"rotation":{"x":0.13972097635269166,"y":0.11976059526205063,"z":-0.01703031174838543,"w":0.9827708005905151},"size":17.86210823059082,"orthographic":false}